Name,Genre,Month,Rating
Clarity (Acoustic Version),Acoustic,1,100
Youth,Alternative,1,100
I Will Follow You Into the Dark,Alternative,1,100
Demons,Alternative,1,100
Tore My Heart,Alternative,1,100
Her Morning Elegance,Alternative,1,100
Witchcraft,Alternative,1,100
I Need My Girl,Alternative,1,100
Sweater Weather,Alternative,1,100
Anna Rose,Alternative,1,100
My Medea,Alternative,1,100
Shiki no Uta,Anime,1,100
01 - 24hours OPEN,Anime,1,
02 - Pushing the sky,Anime,1,
03 - Time to know ~ Be waltz,Anime,1,80
04 - Clutch,Anime,1,
05 - MUSAWE,Anime,1,
06 - Yo pumpkin head,Anime,1,
07 - Diggin',Anime,1,
08 - 3.14,Anime,1,
09 - What planet is this_!,Anime,1,
10 - 7minutes,Anime,1,
11 - Fingers,Anime,1,
12 - Powder,Anime,1,
13 - Butterfly,Anime,1,
14 - No reply,Anime,1,
15 - Dijurido,Anime,1,100
16 - Gotta knock a little harder,Anime,1,
17 - No money,Anime,1,
18 - RAIN (Demo),Anime,1,60
01 - Tank!,Anime,1,80
02 - Rush,Anime,1,
03 - Spokey Dokey,Anime,1,
04 - Bad Dog No Biscuits,Anime,1,
05 - Cat Blues,Anime,1,
06 - Cosmos,Anime,1,
07 - Space Lion,Anime,1,100
08 - Waltz for Zizi,Anime,1,
09 - Piano Black,Anime,1,
10 - Pot City,Anime,1,
11 - Too Good Too Bad,Anime,1,
12 - Car,Anime,1,
13 - The Egg and I,Anime,1,
14 - Felt Tip Pen,Anime,1,
15 - Rain,Anime,1,80
16 - Digging My Potato,Anime,1,
17 - Memory,Anime,1,
-Ending- The Promise of the World ~ Merry-Go-Round of Life,Anime,1,100
A 90 Year-Old Girl,Anime,1,100
Cheerful Calvary,Anime,1,100
Escape,Anime,1,100
Family,Anime,1,100
Flower Garden,Anime,1,100
Heartbeat,Anime,1,100
In the Rain,Anime,1,100
Inerasable Curse,Anime,1,100
It's Love Isn't It?,Anime,1,100
Love of War,Anime,1,100
Magic Door,Anime,1,100
Moving,Anime,1,100
Opening- Merry-Go-Round of Life,Anime,1,100
Peaceful Thoughts,Anime,1,100
Run!,Anime,1,100
Saliman's Magic Square ~ Return to the Castle,Anime,1,100
Secret Cave,Anime,1,100
Sky Stroll,Anime,1,100
Sophie's Castle,Anime,1,100
Spring Cleaning,Anime,1,100
The Boy Who Accepted the Star,Anime,1,100
To the Lake of Stars,Anime,1,100
Vanity and Friendship,Anime,1,100
Wandering Sophie,Anime,1,100
Witch of the Wasteland,Anime,1,100
Forgotten Dreams,Chillout,1,
A Boy and a Girl,Classical,1,
Five Hebrew Love Songs: I. Temuna (A Picture),Classical,1,
Five Hebrew Love Songs: II. Kala Kalla (Light Bride),Classical,1,
Five Hebrew Love Songs: III. Larov (Mostly),Classical,1,
Five Hebrew Love Songs: IV. Eyze Sheleg! (What Snow!),Classical,1,
Five Hebrew Love Songs: V. Rakut (Tenderness),Classical,1,
Leonanrd Dream of his Flying Machine,Classical,1,
Lux Araumque (Light and Gold),Classical,1,80
Nox Araumque (Night and Gold),Classical,1,
The Seal Lullaby,Classical,1,100
The Stolen Child,Classical,1,
Three Songs of Faith: I. i will wade out,Classical,1,
Three Songs of Faith: II. hope faith life love,Classical,1,
Three Songs of Faith: III. i thank You God for most this amazing day,Classical,1,
Water Night,Classical,1,
If My Heart Was a House,Electropop,1,100
The Saltwater Room,Electropop,1,100
Ain't Gonna Rain,Game,1,
Alive,Game,1,
All,Game,1,
Children Kill,Game,1,
Claw Finger,Game,1,
Dead End,Game,1,
Devil's Lyric,Game,1,
Devil's Lyric 2,Game,1,
Die,Game,1,
Don't Cry,Game,1,
Down Time,Game,1,
Esperándote,Game,1,
Far,Game,1,
Fear of the Dark,Game,1,
Follow the Leader,Game,1,
For All,Game,1,
Half Day,Game,1,
Hear Nothing,Game,1,
Heaven Give Me Say,Game,1,
I'll Kill You,Game,1,
Kill Angels,Game,1,
Killed by Death,Game,1,
Killing Time,Game,1,
Moonchild,Game,1,
My Heaven,Game,1,20
My Justice for You,Game,1,
Never Again,Game,1,
Never End Never End Never End,Game,1,
Not Tomorrow 1,Game,1,
Not Tomorrow 2,Game,1,
Nothing Else,Game,1,
Only You,Game,1,
Over,Game,1,
Rising Sun,Game,1,
She,Game,1,
Silent Hill,Game,1,
Silent Hill (Otherside),Game,1,
Tears of...,Game,1,
The Bitter Season,Game,1,
The Wait,Game,1,
Until Death,Game,1,
Welcome Home,Indie Rock,1,100
Someone Like You (Instrumental),Instrumental,1,100
Forget You (Instrumental),Instrumental,1,100
The Saltwater Room (Instrumental),Instrumental,1,100
Sakura Drops (Orchestral),Instrumental,1,100
La piece vide (short),Instrumental,1,
C'etait ici,Instrumental,1,80
Comptine d'ete n°1,Instrumental,1,100
Comptine d'ete n°2,Instrumental,1,100
Comptine d'ete n°3,Instrumental,1,
Deja loin,Instrumental,1,
J'y suis jamais alle,Instrumental,1,
La chambre,Instrumental,1,
La fenetre,Instrumental,1,
La muette,Instrumental,1,100
La piece vide,Instrumental,1,100
La vie quotidienne,Instrumental,1,80
Le vieux en veut encore,Instrumental,1,
Mouvement introductif,Instrumental,1,
Naomi,Instrumental,1,80
Priere n°2,Instrumental,1,
Priere n°3,Instrumental,1,
Soir de fete,Instrumental,1,60
Toujours la,Instrumental,1,
Mother's Journey (cover),Instrumental,1,100
Sakura Drops,J-Pop,1,100
Zombie Attacks in the Eighties,Other,1,
Zombies Attack,Other,1,
Strangers,Other,1,100
Say Something,Pop,1,100
The Prayer (feat. Only Boys Aloud),Pop,1,80
Ordinary Day,Pop,1,100
Someone Like You (Cover),R&B,1,100
Love The Way You Lie (Cover),R&B,1,100
Hysteria,Rock,1,100
Secrets,Rock,1,100
Pictures Of You,Rock,1,100
For Good (Cover),Showtunes,1,100
Alyssa,Soundtrack,1,40
Cafe,Soundtrack,1,60
Die,Soundtrack,1,40
End Credits Part 2,Soundtrack,1,80
End Credits Part 3,Soundtrack,1,100
Journey To The School,Soundtrack,1,
Main Theme,Soundtrack,1,80
The Cliffside,Soundtrack,1,
This Is My Daughter... Sharon,Soundtrack,1,60
Under The Tree,Soundtrack,1,
Welcome To Silent Hill,Soundtrack,1,100
End Credits Part 1,Soundtrack,1,100
The Ghost And The Car,Soundtrack,1,60
Song Of Mor'Du,Soundtrack,1,
Learn Me Right,Soundtrack,1,
Listen With Your Heart I,Soundtrack,1,
Listen With Your Heart II,Soundtrack,1,
An Uneasy Feeling,Soundtrack,1,
Arrietty's Song (Instrumental Version),Soundtrack,1,100
Arrietty's Song (Original Japanese Version),Soundtrack,1,100
Goodbye My Friend,Soundtrack,1,80
Goodbye My Friend (Instrumental Version),Soundtrack,1,
I Will Never Forget You,Soundtrack,1,
Our House Below (Instrumental Version),Soundtrack,1,
Our House Below (Movie Version),Soundtrack,1,
Precious Memories,Soundtrack,1,
Rain (Instrumental Version),Soundtrack,1,
Sho's Lament (Instrumental Version 1),Soundtrack,1,100
Sho's Lament (Instrumental Version 2),Soundtrack,1,100
Sho's Song (Instrumental Version),Soundtrack,1,100
Sho's Waltz,Soundtrack,1,100
Spiller (Instrumental Version),Soundtrack,1,100
Tears In My Eyes,Soundtrack,1,100
The Doll House (Instrumental Version),Soundtrack,1,80
The House Is In Silence,Soundtrack,1,
The Neglected Garden,Soundtrack,1,100
The Neglected Garden (Instrumental Version),Soundtrack,1,
The Wild Waltz,Soundtrack,1,100
With You,Soundtrack,1,
Steady as the Beating Drum (Main Title),Soundtrack,1,100
The Virginia Company,Soundtrack,1,
Savages (Pt. 1),Soundtrack,1,
Savages (Pt. 2),Soundtrack,1,
Mine Mine Mine,Soundtrack,1,
The Virginia Company (Reprise),Soundtrack,1,
I See Fire,Soundtrack,1,100
Noble Maiden Fair (A Mhaighdean Bhan Uasal),Soundtrack,1,100
Singin' In The Rain / Umbrella,Soundtrack,1,100
Forget You,Soundtrack,1,100
Steady as the Drum (Reprise),Soundtrack,1,100
The Ring of Fire,Soundtrack,1,100
Aggie Fights,Soundtrack,1,80
Alvin Again / Scary Bedroom,Soundtrack,1,
Alvin Attacks,Soundtrack,1,
Are We There Yet?,Soundtrack,1,
Enter Neil / Mr P / Ghost Walk / Ghost Dog,Soundtrack,1,
Goodbye Mr P / Historic Drama / Grounded / Heavy Visitation,Soundtrack,1,
Moth Rock,Soundtrack,1,
Norman at the Piano / Main Title,Soundtrack,1,100
Norman Tries to Keep it Cool / Grandma's Got Your Back,Soundtrack,1,
Norman's Walk,Soundtrack,1,
Oh and One More Thing,Soundtrack,1,
People Attack,Soundtrack,1,
Resolution,Soundtrack,1,100
The Dead Shall Be Raised,Soundtrack,1,
If I Never Knew You,Soundtrack,1,
Colors of the Wind,Soundtrack,1,
Just Around the Riverbend,Soundtrack,1,
Into The Open Air,Soundtrack,1,
Touch The Sky,Soundtrack,1,100
Aizome,Soundtrack,1,100
Fate & Destiny,Soundtrack,1,
Get The Key,Soundtrack,1,
I Am Merida,Soundtrack,1,
In Her Heart,Soundtrack,1,
Legends Are Lessons,Soundtrack,1,
Merida Rides Away,Soundtrack,1,
Merida's Home,Soundtrack,1,
Mum Goes Wild,Soundtrack,1,
Not Now!,Soundtrack,1,
Remember To Smile,Soundtrack,1,
Show Us The Way,Soundtrack,1,
The Games,Soundtrack,1,
The Witch's Cottage,Soundtrack,1,
Through The Castle,Soundtrack,1,
We've Both Changed,Soundtrack,1,100
Council Meeting [Instrumental],Soundtrack,1,
Execution [Instrumental],Soundtrack,1,
Farewell [Instrumental],Soundtrack,1,
Getting Acquainted [Instrumental],Soundtrack,1,
Grandmother Willow [Instrumental],Soundtrack,1,
I'll Never See Him Again [Instrumental],Soundtrack,1,
John Smith Sneaks Out [Instrumental],Soundtrack,1,
Percy's Bath [Instrumental],Soundtrack,1,
Picking Corn [Instrumental],Soundtrack,1,
Pocahontas [Instrumental],Soundtrack,1,
Ratcliff's Plan [Instrumental],Soundtrack,1,
River's Edge [Instrumental],Soundtrack,1,
Ship at Sea [Instrumental],Soundtrack,1,
Skirmish [Instrumental],Soundtrack,1,
The Warriors Arrive [Instrumental],Soundtrack,1,
END THEME,Soundtrack,1,100
Kanae no Kimochi (力ナエの気持ち),Soundtrack,1,100
Ｋｉｓｓ,Soundtrack,1,100
Ōkashō (桜花抄),Soundtrack,1,100
Omoide ha Tooku no Hibi (想い出は遠くの日々),Soundtrack,1,100
One more time One more chance PIANO ver. (Bonus Track),Soundtrack,1,100
Shousou (焦燥),Soundtrack,1,100
Sora to Umi no Shi (空と海の詩),Soundtrack,1,100
Todokanai Kimochi (届かない気持ち),Soundtrack,1,100
Yuki no Eki (雪の駅),Soundtrack,1,100
Yume (夢),Soundtrack,1,100
Colors of the Wind [End Title],Soundtrack,1,
Sun Gazer,Trailer Music,1,100
African Sunset,Trailer Music,1,100
Allure,Trailer Music,1,100
Aurora Boralis,Trailer Music,1,100
Bed of Roses,Trailer Music,1,100
Elysium,Trailer Music,1,100
Entombed,Trailer Music,1,100
Fate Of The Deserted,Trailer Music,1,100
Flying,Trailer Music,1,100
Forsaken,Trailer Music,1,100
Gentle Breeze,Trailer Music,1,100
Hidden Beauty,Trailer Music,1,100
Hold Me,Trailer Music,1,100
I See The Future,Trailer Music,1,100
Lonesome Dove,Trailer Music,1,100
Lux Aeterna,Trailer Music,1,100
Mind Tricks,Trailer Music,1,100
Moonshine,Trailer Music,1,100
Nepal In May,Trailer Music,1,100
New Dawn,Trailer Music,1,100
Parfait Amour,Trailer Music,1,100
Peace of Mind,Trailer Music,1,100
Rapid Eye Movement,Trailer Music,1,100
Scent Of A Woman,Trailer Music,1,80
Solitude,Trailer Music,1,100
Wake of Desolation,Trailer Music,1,100
Water Reflections,Trailer Music,1,100
Weightless,Trailer Music,1,100
Wings,Trailer Music,1,100
Blink Of An Eye (B),Trailer Music,1,100
Color The Sky,Trailer Music,1,100
Dreams & Imaginations,Trailer Music,1,100
El Mexicano,Trailer Music,1,100
Forgotten Realms,Trailer Music,1,100
Fortress Of Seduction,Trailer Music,1,100
Goodbye For Now,Trailer Music,1,100
Hello World,Trailer Music,1,100
It Tells A Story,Trailer Music,1,100
It's The Season For Love,Trailer Music,1,100
Memories,Trailer Music,1,100
Missed You,Trailer Music,1,100
Moving Shadows,Trailer Music,1,100
Once Upon A Time,Trailer Music,1,100
Painted By Numbers,Trailer Music,1,100
Secrets Of The Mind,Trailer Music,1,100
Through Devil's Eyes,Trailer Music,1,100
Transfiguration,Trailer Music,1,100
Behold Atlantis,Trailer Music,1,100
Mmm Chicken!,Trailer Music,1,100
Possessed Gramophone,Trailer Music,1,100
Visions,Trailer Music,1,100
Intoxication,Trailer Music,1,100
A Small Step For Mankind,Trailer Music,1,100
A Thousand Miles Apart,Trailer Music,1,100
Ancient Cities,Trailer Music,1,100
Blink Of An Eye (A),Trailer Music,1,100
Celebrate Life,Trailer Music,1,100
Drifting Thoughts,Trailer Music,1,100
Earthgirl,Trailer Music,1,100
Elven Princess,Trailer Music,1,100
Eria,Trailer Music,1,100
Forever In My Dreams,Trailer Music,1,100
From The Heart Of Paris,Trailer Music,1,100
Frozen Moment,Trailer Music,1,100
Great Spirits,Trailer Music,1,100
Into Unknown Space,Trailer Music,1,100
Life Is Beautiful,Trailer Music,1,80
Meant To Be,Trailer Music,1,100
Northern Pastures,Trailer Music,1,100
Remembrance,Trailer Music,1,100
Reset Life,Trailer Music,1,100
Setting Sail,Trailer Music,1,100
Sleepless,Trailer Music,1,100
Sweet May,Trailer Music,1,80
Tears,Trailer Music,1,100
Touched By Her Hand,Trailer Music,1,100
A Hero's Return,Trailer Music,1,100
Another Life,Trailer Music,1,100
Bed Of Roses (No Vocals),Trailer Music,1,100
Broken Hearts,Trailer Music,1,100
Chill Of The Night,Trailer Music,1,60
Clair Voyant,Trailer Music,1,100
Deep Seeded,Trailer Music,1,80
Electric People,Trailer Music,1,100
Endless Night,Trailer Music,1,100
Falling,Trailer Music,1,80
Forgotten September,Trailer Music,1,100
Forgotten September (B),Trailer Music,1,100
Hell's Gate,Trailer Music,1,100
Hell's Gate (No Vocals),Trailer Music,1,100
It Tells A Story (No Choir),Trailer Music,1,80
It's The Season For Love (No Choir),Trailer Music,1,100
Lament For The Lonely,Trailer Music,1,100
Mio Rio,Trailer Music,1,100
Mulholland Drive,Trailer Music,1,100
Perfect Assassination,Trailer Music,1,100
River Of Tears,Trailer Music,1,100
Secrets Of The Mind (No Vocals),Trailer Music,1,100
Silent Prayer,Trailer Music,1,100
Snowfall,Trailer Music,1,100
Supression,Trailer Music,1,100
Susanna's Mourning,Trailer Music,1,100
Through Devil's Eyes (No Choir),Trailer Music,1,100
Torches,Trailer Music,1,100
A Hole In The Sun,Trailer Music,1,100
Bourne In The Future,Trailer Music,1,100
Cloud Maker,Trailer Music,1,100
Corruption,Trailer Music,1,100
Could've Been,Trailer Music,1,100
Down,Trailer Music,1,100
Enigma,Trailer Music,1,100
Eyes Closing,Trailer Music,1,80
Global Waste,Trailer Music,1,100
Hot Cargo,Trailer Music,1,100
I Love You Forever,Trailer Music,1,80
Lost in Las Vegas,Trailer Music,1,100
Love Suspended,Trailer Music,1,100
Missing Letters,Trailer Music,1,100
Morningstar,Trailer Music,1,100
Organic Multiplication,Trailer Music,1,100
Painted World,Trailer Music,1,100
Paper Planes,Trailer Music,1,80
Prelude To A Nightmare,Trailer Music,1,80
R.E.M.,Trailer Music,1,100
Rapture,Trailer Music,1,100
Science,Trailer Music,1,100
Shaken Not Stirred,Trailer Music,1,100
She Sees the Future,Trailer Music,1,100
Shipwrecked,Trailer Music,1,100
Sidyana,Trailer Music,1,100
The Frail,Trailer Music,1,100
Threnody,Trailer Music,1,100
Timelapse,Trailer Music,1,100
Ulthuan,Trailer Music,1,100
Walking On Air,Trailer Music,1,100
You Walk This Earth Alone,Trailer Music,1,100
You Will Count Your Dead,Trailer Music,1,100
I Won't Give Up,,1,100
The Only Exception,,1,100
Child Of Light,,1,100
Mother's Journey,,1,100
Somebody That I Used to Know (feat. Kimbra),Alternative,2,100
Team,Alternative,2,100
Stand by Me (N.B. Haunt) [Cover],Alternative,2,100
England,Alternative,2,100
100 Years of Choke 百年の窒息,Alternative,2,
Birthday,Alternative,2,
Birthday Resistance 誕生日抵抗日,Alternative,2,
Bless Yourself Bleed エレウシスの出血,Alternative,2,
Breath or Castle Ballad コルチャックと亡命,Alternative,2,
Dance for Borderline Miscanthus 境界線上のススキ,Alternative,2,
Ghost of a Horse Under the Chandelier シャンデリアの下の馬の幽霊,Alternative,2,
Grass Ark 草の方舟,Alternative,2,
River was Filled with Stories 水の線路,Alternative,2,
The Octuple Personality and Eleven Crows 8重人格と11羽のカラス,Alternative,2,
Wandering 流浪,Alternative,2,
Atomic Bird,Anime,2,100
Cyberbird,Anime,2,100
Arabesque  I,Classical,2,100
Into the Black,Electronic,2,100
My Father's Father,Folk,2,100
FIREWORK [Instrumental],Instrumental,2,80
Somewhere Only We Know (Instrumental),Instrumental,2,100
Both Sides Now (Cover),Other,2,100
Counting Stars,Pop,2,100
50 Ways to Leave Your Lover,Pop,2,100
Venus,Pop,2,
Lovesong,R&B,2,60
Someone Like You,R&B,2,100
One And Only,R&B,2,80
I'll Be Waiting,R&B,2,60
Take It All,R&B,2,60
He Won't Go,R&B,2,60
Set Fire To The Rain,R&B,2,80
Don't You Remember,R&B,2,60
Turning Tables,R&B,2,60
Rumour Has It,R&B,2,20
Rolling In The Deep,R&B,2,100
Follow Me Down,Rock,2,80
Painting Flowers,Rock,2,
Alice,Rock,2,
The Lobster Quadrille,Rock,2,80
White Rabbit,Rock,2,
Kindly Unspoken,Rock,2,100
Tea Party,Rock,2,
In Transit,Rock,2,
Where's My Angel,Rock,2,
Always Running Out Of Time,Rock,2,
The Technicolor Phase,Rock,2,
Welcome To Mystery,Rock,2,
Very Good Advice,Rock,2,
Her Name Is Alice,Rock,2,
The Poison,Rock,2,80
Strange,Rock,2,80
Fell Down A Hole,Rock,2,
True to Your Heart [Single Version],Soundtrack,2,100
Honor to Us All,Soundtrack,2,100
Reflection [Pop Version],Soundtrack,2,100
I'll Make a Man out of You,Soundtrack,2,100
A Girl Worth Fighting For,Soundtrack,2,100
Let It Go,Soundtrack,2,100
Attack at the Wall,Soundtrack,2,100
Blossoms,Soundtrack,2,100
Mulan's Decision,Soundtrack,2,100
"Suite from ""Mulan""",Soundtrack,2,100
The Burned-Out Village,Soundtrack,2,100
The Huns Attack,Soundtrack,2,100
Haircut,Soundtrack,2,100
Once Upon a Dream,Soundtrack,2,100
Reflection,Soundtrack,2,100
Reflection,Soundtrack,2,100
Get Lucky (Daft Punk Cover),,2,100
Carrying You (instrumental),,2,100
FIREWORK,,2,80
World's End (piano),,2,100
Winter Sleep,,2,100
Meteor (piano),,2,100
You Are My Love (piano),,2,100
The Seal Lullaby [Version 2],Classical,3,100
Double Cello Concerto in G Minor Mov. 1,Classical,3,100
9 Crimes,Indie,3,100
Celestial Soda Pop,Instrumental,3,100
World is Mine,J-Pop,3,100
ハロ／ハワユ,J-Pop,3,100
Stuck On You,Other,3,80
Down,Pop,3,100
World is Mine - Miku & Kaito x Rin & Len,Rock,3,
And He Shall Smite The Wicked,Soundtrack,3,80
Humiliation,Soundtrack,3,80
Paris Burning,Soundtrack,3,80
Sanctuary,Soundtrack,3,80
The Bell Tower,Soundtrack,3,80
Someday,Soundtrack,3,80
God Help The Outcasts,Soundtrack,3,80
A Guy Like You,Soundtrack,3,100
God Help The Outcasts,Soundtrack,3,100
Heaven's Light-Hellfire,Soundtrack,3,100
Into The Sunlight,Soundtrack,3,80
Out There,Soundtrack,3,100
The Bells Of Notre Dame,Soundtrack,3,100
The Bells Of Notre Dame (Reprise),Soundtrack,3,80
The Court Of Miracles,Soundtrack,3,80
Topsy Turvey,Soundtrack,3,80
Someday We'll Know,Soundtrack,3,80
01-Look Who's Talking,Soundtrack,3,
02-Somewhere In The Night,Soundtrack,3,
03-The Count Of Monte Cristo,Soundtrack,3,
04-Jailhouse Rock,Soundtrack,3,
05-In A Lonely Place,Soundtrack,3,80
06-It's Alive!,Soundtrack,3,
07-The Searchers,Soundtrack,3,
08-Look Back In Anger,Soundtrack,3,
09-Vivaldi _Four Seasons_ - _Winter_ 1st Mov,Soundtrack,3,
10-Room At The Top,Soundtrack,3,
11-Cries And Whispers,Soundtrack,3,80
12-Out Of Sight,Soundtrack,3,
13-For Whom The Bell Tolls,Soundtrack,3,
14-Out Of The Past,Soundtrack,3,
15-Breathless,Soundtrack,3,
16-The Old Boy,Soundtrack,3,100
17-Dressed To Kill,Soundtrack,3,
18-Frantic,Soundtrack,3,80
19-Cul-De-Sac,Soundtrack,3,100
20-Kiss Me Deadly,Soundtrack,3,
21-Point Blank,Soundtrack,3,
22-Farewell My Lovely,Soundtrack,3,80
23-The Big Sleep,Soundtrack,3,
24-The Last Waltz,Soundtrack,3,100
Philip Glass Duet,Soundtrack,3,100
All Drains Lead to the Ocean,Soundtrack,3,100
Barracuda,Soundtrack,3,100
Beyond The Sea,Soundtrack,3,100
Curl Away My Son,Soundtrack,3,100
Darla Filth Offramp,Soundtrack,3,100
Drill,Soundtrack,3,100
Field Trip,Soundtrack,3,100
Filter Attempt,Soundtrack,3,100
Finding Nemo,Soundtrack,3,100
First Day,Soundtrack,3,100
Fish In My Hair,Soundtrack,3,100
Fish-O-Rama,Soundtrack,3,100
Fishing Grounds,Soundtrack,3,100
Foolproof,Soundtrack,3,100
Friends Not Food,Soundtrack,3,100
Fronds like these,Soundtrack,3,100
Gill,Soundtrack,3,100
Haiku,Soundtrack,3,100
Jellyfish Forest,Soundtrack,3,100
Lost,Soundtrack,3,100
Lost in a Fog,Soundtrack,3,100
Mr. Ray Scientist,Soundtrack,3,100
Mt. Wannahockaloogie,Soundtrack,3,100
Nemo Egg (Main Title),Soundtrack,3,100
News Travels,Soundtrack,3,100
P.Sherman 42 Wallaby Way Sydney,Soundtrack,3,100
Pelicans,Soundtrack,3,100
School of Fish,Soundtrack,3,100
Scum Angel,Soundtrack,3,100
Short-Term Dory,Soundtrack,3,100
Squishy,Soundtrack,3,100
Stay Awake,Soundtrack,3,100
Swim Down,Soundtrack,3,100
Sydney Harbor,Soundtrack,3,100
The Divers,Soundtrack,3,100
The Little Clownfish from the Reef,Soundtrack,3,100
Time to let go,Soundtrack,3,100
Why Trust a Shark,Soundtrack,3,100
Wow,Soundtrack,3,100
Breakeven,,3,
The Neglected Garden,Bande originale,4,
You (instrumental),Instrumental,4,
Requiem for a Dream,Other,4,100
Be OK,Pop,4,80
Be OK [Acoustic],Pop,4,100
Can’t Help Falling In Love [Recorded Live At Daytrotter],Pop,4,100
Giving Up,Pop,4,100
Keep Breathing,Pop,4,80
Lady In Spain,Pop,4,80
Oh What A Day,Pop,4,100
Over The Rainbow,Pop,4,100
The Chain [Live From Webster Hall],Pop,4,100
The Way I Am [Recorded Live On Wers],Pop,4,100
You And I,Pop,4,100
God Put a Smile on Your Face,Rock,4,
What The Hell,,4,100
E.T. (Cover),,4,100
She Will Be Loved (Cover),,4,100
Boston,Alternative,5,100
Please Don't Go,Alternative,5,100
Pumped Up Kicks,Alternative,5,80
Dress Me Like A Clown,Alternative,5,80
Hey Soul Sister,Alternative Rock,5,100
Headphones On Your Heart,Electronic,5,100
Your Bones,Folk,5,100
CALAMITY,Game,5,100
Build That Wall (Zia's Theme),Game,5,100
Bynn The Breaker,Game,5,100
Faith Of Jevel,Game,5,80
From Wharf To Wilds,Game,5,80
Mine Windbag Mine,Game,5,80
Mother I'm Here (Zulf's Theme),Game,5,100
Pale Watchers,Game,5,80
Setting Sail Coming Home (End Theme),Game,5,100
Slinger's Song,Game,5,80
Terminal March,Game,5,80
The Mancer's Dilemma,Game,5,80
The Pantheon (Ain't Gonna Catch You),Game,5,80
What's Left Undone,Game,5,80
The Freshman,Indie,5,100
Unraveling,Indie,5,100
Vampires In Blue Dresses,Indie,5,60
Love Song For A Schuba's Bartender,Indie,5,80
Open Your Eyes,Indie,5,100
Skeleton Key,Indie,5,100
King and Lionheart,Indie,5,100
Little Talks,Indie,5,100
Quiet As A Mouse,Indie Rock,5,80
A Light On A Hill,Indie Rock,5,100
The Ocean (Is Bleeding Salt),Indie Rock,5,100
Talking In Code,Indie Rock,5,100
As Tall As Cliffs,Indie Rock,5,100
Broadripple Is Burning (Album Version),Indie Rock,5,100
Lakehouse,Indie Rock,5,80
The Only Exception (Instrumental),Instrumental,5,80
SPEEDRIVE [スピードライブ],J-Pop,5,
Natsu Matsuri [夏祭り],J-Pop,5,60
RADIO,Other,5,60
Los Angeles,Pop,5,100
The Only Exception (Cover),Pop,5,100
Just A Dream (Cover),Pop,5,100
I'm Yours,Rock,5,100
I'm Yours [Acoustic],Rock,5,100
Happy Together ,Soundtrack,5,100
Ashitaka and San,Soundtrack,5,
Demons,Soundtrack,5,
Evening at the Ironworks,Soundtrack,5,
Kodamas,Soundtrack,5,
Lady Eboshi,Soundtrack,5,
Princess Mononoke Instrumental Version,Soundtrack,5,
Requiem,Soundtrack,5,
Requiem II,Soundtrack,5,
Requiem III,Soundtrack,5,
Retreat,Soundtrack,5,
San and Ashitaka in the Forest of the Deer God,Soundtrack,5,
The Adagio of Life and Death,Soundtrack,5,
The Adagio of Life and Death II,Soundtrack,5,
The Battle In Front of the Ironworks,Soundtrack,5,
The Demon God,Soundtrack,5,60
The Demon God II - The Lost Mountains -,Soundtrack,5,
The Demon God III,Soundtrack,5,
The Demon Power,Soundtrack,5,
The Demon Power II,Soundtrack,5,
The Encounter,Soundtrack,5,
The Forest of the Gods,Soundtrack,5,
The Journey - to the West -,Soundtrack,5,80
The Land of the Impure,Soundtrack,5,100
The Legend of Ashitaka,Soundtrack,5,100
The Legend of Ashitaka Ending,Soundtrack,5,100
The Tatara Women - Eboshi Tatara Work Song -,Soundtrack,5,100
The Young Man From the East,Soundtrack,5,
War Drum,Soundtrack,5,80
Will to Live,Soundtrack,5,
World of the Dead,Soundtrack,5,
World of the Dead II,Soundtrack,5,
Chance☆Chase☆Classroom,Soundtrack,5,100
Duty of love,Soundtrack,5,100
Great escape,Soundtrack,5,100
Happy Monday,Soundtrack,5,100
Hey! You are lucky girl,Soundtrack,5,100
Kitchen In The Dark,Soundtrack,5,100
Lost my pieces,Soundtrack,5,100
love on the balloon,Soundtrack,5,100
Magic of love,Soundtrack,5,100
Monochrome set,Soundtrack,5,100
Morning Glory,Soundtrack,5,100
Next Mission,Soundtrack,5,100
Psychocandy,Soundtrack,5,100
READY STEADY GO !,Soundtrack,5,100
Small Heaven,Soundtrack,5,100
Startup,Soundtrack,5,80
Tears of dragon,Soundtrack,5,100
Tiger VS Dragon,Soundtrack,5,80
アイキャッチ,Soundtrack,5,100
オンナノコの気持ち,Soundtrack,5,100
カンチガイアワー,Soundtrack,5,100
キ・メ・ゼ・リ・フ,Soundtrack,5,100
クリームブリュレの作り方,Soundtrack,5,100
バニラソルト,Soundtrack,5,100
プレパレード,Soundtrack,5,100
優しさの足音,Soundtrack,5,100
夕暮れの約束,Soundtrack,5,100
小鳥のエチュード,Soundtrack,5,100
届かない手紙,Soundtrack,5,100
空色の放課後,Soundtrack,5,100
雨色ロンド,Soundtrack,5,100
風を聞いて,Soundtrack,5,100
Princess Mononoke Vocal Ending ,Soundtrack,5,
Princess Mononoke Vocal Version,Soundtrack,5,
Dirty Paws,,5,80
DIAMONDS,,5,60
愛のしるし,,5,
Run,,5,100
Bomb,Alternative,6,
Song 2,Alternative,6,100
Falling Slowly,Alternative,6,100
Radioactive,Alternative,6,100
Say Hello to the Angels,Alternative,6,
I Predict a Riot,Alternative,6,
Hip Hip Hooray,Alternative,6,80
Disparate Youth,Alternative,6,60
Flawed Design,Alternative,6,100
Ninth Avenue Reverie,Alternative,6,80
Farewell To The Fairground,Alternative,6,
Sacred Trickster,Alternative & Punk,6,
Vlad The Impaler,Alternative Rock,6,
Airbag,Alternative Rock,6,100
Climbing Up The Walls,Alternative Rock,6,80
Electioneering,Alternative Rock,6,80
Exit Music (For A Film),Alternative Rock,6,80
Fitter Happier,Alternative Rock,6,100
Karma Police,Alternative Rock,6,100
Let Down,Alternative Rock,6,80
Lucky,Alternative Rock,6,80
No Surprises,Alternative Rock,6,100
Paranoid Android,Alternative Rock,6,100
Subterranean Homesick Alien,Alternative Rock,6,100
The Tourist,Alternative Rock,6,80
Blue Blood Blues,Alternative Rock,6,
Nail In My Coffin,Alternative Rock,6,
Sea Green See Blue,Anti-Folk,6,80
Slay It,Dubstep,6,80
Sail,Electronic Rock,6,100
A Dream Within a Dream,Electronica,6,60
Animus Vox,Electronica,6,80
Bad Wings,Electronica,6,100
Between Two Points feat. Swan,Electronica,6,100
Drive It Like You Stole It,Electronica,6,100
Fistful Of Silence,Electronica,6,60
Fortune Days,Electronica,6,80
How To Be Eaten By A Woman,Electronica,6,40
Starve The Ego Feed The Soul,Electronica,6,
We Swarm,Electronica,6,
Rainbow Veins,Electropop,6,80
Hot Air Balloon,Electropop,6,80
Fuzzy Blue Lights,Electropop,6,80
Almost Lover,Folk,6,100
Ashes and Wine,Folk,6,
Borrowed Time,Folk,6,
Come On Come Out,Folk,6,
Hope For The Hopeless,Folk,6,
Last Of Days,Folk,6,80
Liar Liar,Folk,6,
Lifesize,Folk,6,
Near To You,Folk,6,100
Rangers,Folk,6,
The Minnow & The Trout,Folk,6,
Think Of You,Folk,6,60
Whisper,Folk,6,
You Picked Me,Folk,6,
Bettin' On The Moon,Folk,6,
Broken Chair,Folk,6,80
Don't Hang Your Heart,Folk,6,
Dreaming Of Relief,Folk,6,
Horse In The Sky,Folk,6,
In My Time,Folk,6,100
Isn't That So,Folk,6,
Land Of Sea,Folk,6,
Riversong,Folk,6,
Take These Thoughts,Folk,6,
Time To Find Out,Folk,6,
I'm an Animal,Folk,6,60
Been A Long Day,Folk,6,100
Grasswalk 1,Game,6,
Graze the Roof 1,Game,6,
Moongrains with Snare (not on CD) 1,Game,6,
Brainiac Maniac,Game,6,
Cerebrawl,Game,6,
Cerebrawl IN GAME,Game,6,
Choose Your Seeds,Game,6,
Crazy Dave (Intro Theme),Game,6,
Crazy Dave's Greeting,Game,6,
Grasswalk,Game,6,
Graze the Roof,Game,6,
Loon boon,Game,6,
Moongrains,Game,6,
Moongrains IN GAME,Game,6,
Moongrains with Snare (not on CD),Game,6,
Rigor Mormist,Game,6,
Ultimate Battle IN GAME,Game,6,
UltimateBattle,Game,6,
Uraniwa ni Zombies ga!,Game,6,
Watery Graves (fast),Game,6,
Watery Graves (slow),Game,6,
Zen Garden,Game,6,
Zombies attack (with Snare),Game,6,
Zombies On Your Lawn,Game,6,100
Zombotany (unreleased track),Game,6,
Bomb dirt rise,Game,6,
Bonk,Game,6,
Boss Explosion,Game,6,
Brains,Game,6,
Choose Your Seeds,Game,6,
Crazy Dave Mumbling 2,Game,6,
Crazy Dave Scream,Game,6,
Dolphin appearing,Game,6,
Doomshroom,Game,6,
Evil Zombie laugh,Game,6,
Plants Vs. Zombies: Choose Your Seeds,Game,6,
Plants Vs. Zombies: Loonboon,Game,6,
The Zombies are coming,Game,6,
Rock And Roll,Hard Rock,6,
Month Of May,Indie,6,
The Shore,Indie,6,100
Hang Me Up To Dry,Indie,6,80
I Know Places,Indie,6,100
Everything In Its Right Place,Indie,6,80
How To Disappear Completely,Indie,6,100
Idioteque,Indie,6,100
In Limbo,Indie,6,80
Kid A,Indie,6,100
Morning Bell,Indie,6,80
Motion Picture Soundtrack,Indie,6,100
Optimistic,Indie,6,80
The National Anthem,Indie,6,80
Treefingers,Indie,6,100
Terrible Love,Indie,6,80
Baby,Indie,6,80
Hitten,Indie,6,40
Elusive,Indie Pop,6,80
Tiny Little Robots,Indie Rock,6,
Cruel,Indie Rock,6,
More Than Life,New Age,6,80
The Longest Time,Oldies,6,
A Matter Of Trust,Oldies,6,
All About Soul [Remix],Oldies,6,
All For Leyna,Oldies,6,
Allentown,Oldies,6,
An Innocent Man,Oldies,6,
Baby Grand,Oldies,6,
Everybody Loves You Now [Live],Oldies,6,
Goodnight Saigon,Oldies,6,
Honesty,Oldies,6,
I Go To Extremes,Oldies,6,
It's Still Rock'n Roll To Me,Oldies,6,
Just The Way You Are,Oldies,6,
Leave A Tender Moment Alone,Oldies,6,
Leningrad,Oldies,6,
Modern Woman,Oldies,6,
Movin Out [Anthony's Song],Oldies,6,
My Life,Oldies,6,
New York State Of Mind,Oldies,6,
Piano Man,Oldies,6,
Say Goodbye To Hollywood,Oldies,6,
She's Always A Woman,Oldies,6,
She's Got Away,Oldies,6,
Street Life Serenader,Oldies,6,
Tell Her About It,Oldies,6,
The Downeaster Alexa,Oldies,6,
The Entertainer,Oldies,6,
The River Of Dreams,Oldies,6,
This Is The Time,Oldies,6,
Uptown Girl,Oldies,6,
We Didn't Start The Fire [Live],Oldies,6,
You're My Home,Oldies,6,
You're Only Human [Second Time],Oldies,6,
Romance,Other,6,
Best for Last,Pop,6,
Chasing Pavements,Pop,6,80
Chasing Pavements (Live At Hotel Cafe),Pop,6,100
Cold Shoulder,Pop,6,
Crazy for You,Pop,6,
Crazy for You (Live At Hotel Cafe),Pop,6,
Daydreamer,Pop,6,80
Daydreamer (Live At Hotel Cafe),Pop,6,80
First Love,Pop,6,80
Hometown Glory,Pop,6,80
Hometown Glory (Live At Hotel Cafe),Pop,6,
Make You Feel My Love,Pop,6,
Make You Feel My Love (Live At Hotel Cafe),Pop,6,
Melt My Heart to Stone,Pop,6,
Melt My Heart to Stone (Live At Hotel Cafe),Pop,6,60
My Same,Pop,6,
My Same (Live At Hotel Cafe),Pop,6,
Right As Rain,Pop,6,80
Right As Rain (Live At Hotel Cafe),Pop,6,
That’s It I Quit I’m Movin’ On (Live At Hotel Cafe),Pop,6,60
Tired,Pop,6,
Many Shades of Black,Pop,6,80
I Love It,Pop,6,100
King Of Anything (Cover),Pop,6,100
Imagine (Cover),Pop,6,100
The Walking Dead (Cryptex Reglitch),Reglitch,6,100
Just For Now (OZZIE x Hucci Remix),Remix,6,80
Jar of Hearts,Rock,6,100
Airplanes,Rock,6,100
Sixteen Saltines,Rock,6,
Supermassive Black Hole,Rock,6,80
Once - (2004 remix),Rock,6,
She,Soul,6,40
La même histoire,Soundtrack,6,80
The Wolf,Soundtrack,6,80
Anya by the Stars,Soundtrack,6,
Bestest Detectives in the World,Soundtrack,6,
Beta-B,Soundtrack,6,
Between a Squirrel and a Tree,Soundtrack,6,
Born a Stranger,Soundtrack,6,100
Eva's Ringtone,Soundtrack,6,
Everything's Alright (Music Box),Soundtrack,6,
Everything's Alright (Reprise),Soundtrack,6,100
For River - Piano (Johnny's Version),Soundtrack,6,100
For River - Piano (Sarah & Tommy's Version),Soundtrack,6,100
Having Lived,Soundtrack,6,
Lament of a Stranger,Soundtrack,6,
Launch,Soundtrack,6,
Moongazer,Soundtrack,6,
Moonwisher,Soundtrack,6,80
Once Upon a Memory,Soundtrack,6,
Once Upon a Memory (Piano),Soundtrack,6,
Spiral of Secrets,Soundtrack,6,
Take Me Anywhere,Soundtrack,6,
Teddy,Soundtrack,6,80
To the Moon  - Piano (Ending Version),Soundtrack,6,
To the Moon - Main Theme,Soundtrack,6,100
Tomorrow,Soundtrack,6,
Too Bad So Sad,Soundtrack,6,
Trailer Theme - Part 1,Soundtrack,6,
Trailer Theme - Part 2 (feat. Laura Shigihara),Soundtrack,6,
Trailer Theme - Part 2 (Instrumental),Soundtrack,6,
Uncharted Realms,Soundtrack,6,60
Warning,Soundtrack,6,
World's Smallest Ferris Wheel,Soundtrack,6,
Everything's Alright,Soundtrack,6,100
You're the One I Want,,6,100
The A Team,,6,100
Send Me Down,,6,40
Gray Or Blue,,6,100
Die All Right!,,6,
Unwell (Acoustic),Acoustic,7,100
Asian Street,Game,7,100
Calm Village,Game,7,100
Casino Number 7,Game,7,100
Hexagon Tower,Game,7,100
Hexagon Tower (High Quality Version),Game,7,100
Huge Weapon,Game,7,100
Huge Weapon (Live Version),Game,7,100
Inside Sadness,Game,7,100
Laboratory,Game,7,100
Laboratory (Live Version),Game,7,100
London 2,Game,7,100
London 3,Game,7,100
London 3 (Live Version),Game,7,100
Pinch!,Game,7,100
Puzzle Battle,Game,7,100
Puzzles 3,Game,7,100
Puzzles 4,Game,7,100
Searching for Clues,Game,7,100
Suspicion,Game,7,100
Tension,Game,7,100
The Professor's Deductions,Game,7,100
The Professor's Trunk (Minicar),Game,7,100
The Professor's Trunk (Minicar) (High Quality Version),Game,7,100
The Professor's Trunk (Paro),Game,7,100
The Professor's Trunk (Picture Book),Game,7,100
Theme of the Unwound Future (Live Version),Game,7,100
Time Travel,Game,7,100
Time Travel ~Piano Ver.~ (Instrumental),Game,7,100
With Memory,Game,7,100
Bar,Game,7,100
Curtain of Night (Live Version),Game,7,100
Don Paolo's Theme,Game,7,100
Ending Theme,Game,7,100
Ending Theme (Live Version),Game,7,100
Ferris Wheel Park,Game,7,100
Gloomy Basement,Game,7,100
Memory of the Village,Game,7,100
Mysterious Girl,Game,7,100
Night Falls,Game,7,100
Pursuit at Night,Game,7,100
Puzzle,Game,7,100
Reinhold Manor,Game,7,100
Reinhold Manor (High Quality Version),Game,7,100
Rising Tower,Game,7,100
Rising Tower (Live Version),Game,7,100
Something Happens!,Game,7,100
The Curious Village,Game,7,100
The Girl Departs,Game,7,100
The Journey Begins,Game,7,100
The Village Starts Moving,Game,7,100
The Village Starts Moving (High Quality Version),Game,7,100
Theme of Professor Layton,Game,7,100
Theme of Professor Layton (Live Version),Game,7,100
Walking in the Town (High Quality Version),Game,7,100
Walking in the Village,Game,7,100
According To Plan,General Soundtrack,7,80
Ball & Socket Lounge Music #1 [Band Version] [Bonus Tracks From Bonejangles An,General Soundtrack,7,80
Ball & Socket Lounge Music #1 [Combo Version] [Bonus Tracks From Bonejangles A,General Soundtrack,7,80
Ball & Socket Lounge Music #2 [Bonus Tracks From Bonejangles And His Bone Boys],General Soundtrack,7,80
Barkis's Bummer,General Soundtrack,7,80
Casting A Spell,General Soundtrack,7,80
End Credits Part 1,General Soundtrack,7,80
End Credits Part 2,General Soundtrack,7,80
Into The Forest,General Soundtrack,7,80
Main Titles,General Soundtrack,7,80
Moon Dance,General Soundtrack,7,80
New Arrival,General Soundtrack,7,80
Remains Of The Day,General Soundtrack,7,80
Remains Of The Day [Combo Lounge Version] [Bonus Tracks From Bonejangles And H,General Soundtrack,7,80
Tears To Shed,General Soundtrack,7,80
The Finale,General Soundtrack,7,80
The Party Arrives,General Soundtrack,7,80
The Piano Duet,General Soundtrack,7,80
The Wedding Song,General Soundtrack,7,80
Victor's Deception,General Soundtrack,7,80
Victor's Piano Solo,General Soundtrack,7,80
Victor's Wedding,General Soundtrack,7,80
Victoria's Escape,General Soundtrack,7,80
Victoria's Wedding,General Soundtrack,7,80
Lotta Love,Indie Pop,7,100
Brand New Shoes,Indie Pop,7,100
Don't Look Back,Indie Pop,7,100
Gonna Get Along Without You Now (Skeeter Davis),Indie Pop,7,100
Home,Indie Pop,7,100
I'm Gonna Make It Better,Indie Pop,7,100
If You Can't Sleep,Indie Pop,7,100
In the Sun,Indie Pop,7,100
Lingering Still,Indie Pop,7,100
Me and You,Indie Pop,7,100
Over It Over Again,Indie Pop,7,100
Ridin' in My Car (NRBQ),Indie Pop,7,100
Sing,Indie Pop,7,100
Thieves,Indie Pop,7,100
Black Hole,Indie Pop,7,100
Change Is Hard,Indie Pop,7,100
Got Me,Indie Pop,7,100
I Should Have Known Better,Indie Pop,7,100
I Thought I Saw Your Face Today,Indie Pop,7,100
I Was Made For You,Indie Pop,7,100
Sentimental Heart,Indie Pop,7,80
Sweet Darlin',Indie Pop,7,100
Swing Low Sweet Chariot,Indie Pop,7,100
Take It Back,Indie Pop,7,100
This Is Not A Test,Indie Pop,7,100
Why Do You Let Me Stay Here?,Indie Pop,7,100
You Really Gotta Hold On Me,Indie Pop,7,100
Carrying You,J-Pop,7,100
Adam,J-Pop,7,80
Anger,J-Pop,7,
Annihilator,J-Pop,7,
Change me,J-Pop,7,
Ephe‌meralFa‌te,J-Pop,7,
Eve,J-Pop,7,
Good Night,J-Pop,7,
Princess？Selfish!,J-Pop,7,
Puppet,J-Pop,7,
Secret ~Black Vow~,J-Pop,7,
Shooting Star,J-Pop,7,
Smilization,J-Pop,7,
starduster,J-Pop,7,
Starry Rocket,J-Pop,7,
Werewolf Rhapsody,J-Pop,7,
Werewolf Rhapsody-Rin&Len,J-Pop,7,
K.K. Good Day,Other,7,100
Return,Other,7,100
Jar of Hearts (Cover),Pop,7,100
Red Hands,Pop,7,100
Hero,Rock,7,80
Old Mother Hubbard,Soundtrack,7,80
Kingdom Celebration,Soundtrack,7,100
Realization and Escape,Soundtrack,7,100
Kingdom Dance,Soundtrack,7,100
Return to Mother,Soundtrack,7,100
Waiting for the Lights,Soundtrack,7,100
Campfire,Soundtrack,7,100
Escape Route,Soundtrack,7,100
Horse With No Rider,Soundtrack,7,100
Flynn Wanted,Soundtrack,7,100
A Swinging Safari,Soundtrack,7,80
That Happy Feeling,Soundtrack,7,
Across Two Worlds,Soundtrack,7,100
How I Feel / Pulping Her Life,Soundtrack,7,
Max's Meltdown,Soundtrack,7,
Prologue,Soundtrack,7,100
Mother Knows Best (Reprise),Soundtrack,7,100
Mother Knows Best,Soundtrack,7,100
Songbird,Soundtrack,7,100
I Feel Pretty / Unpretty,Soundtrack,7,80
Something That I Want,Soundtrack,7,100
That's Life,Soundtrack,7,
The Typewriter,Soundtrack,7,100
The Tear Heals,Soundtrack,7,100
Healing Incantation,Soundtrack,7,100
I See the Light,Soundtrack,7,100
I've Got a Dream,Soundtrack,7,100
When Will My Life Begin (Reprise II),Soundtrack,7,100
When Will My Life Begin (Reprise I),Soundtrack,7,100
When Will My Life Begin,Soundtrack,7,100
The Humming Chorus,Soundtrack,7,100
Perpetuum Mobile,Soundtrack,7,100
Prelude & Yodel,Soundtrack,7,
Whatever Will Be Will Be (Que Sera Sera),Soundtrack,7,100
Russian Rag,Soundtrack,7,80
Dance Of The Knights (Montagues And Capulets),Soundtrack,7,100
Zadok The Priest,Soundtrack,7,
Zorba's Dance,Soundtrack,7,
The Turtle Lope,Soundtrack,7,100
Aria (Goldberg Hensoukyoku Yori),Soundtrack,7,100
Daiichi Hensoukyoku (Goldberg Hensoukyoku Yori),Soundtrack,7,100
Daylife,Soundtrack,7,100
Garnet (Yokokuhen Short Version),Soundtrack,7,100
Karakuri Tokei ~ Time Leap,Soundtrack,7,80
Kawara nai Mono (Strings Version),Soundtrack,7,100
Mirai no Kioku,Soundtrack,7,
Natsuzora (Long Version),Soundtrack,7,100
Natsuzora ~Ending Theme~,Soundtrack,7,100
Natsuzora ~Opening Theme~,Soundtrack,7,
Seijaku,Soundtrack,7,100
Shoujo no Fuan,Soundtrack,7,
Sketch,Soundtrack,7,80
Sketch (Long Version),Soundtrack,7,80
Time Leap (Long Version),Soundtrack,7,80
Garnet,Soundtrack,7,80
Garnet (Hikikatari),Soundtrack,7,80
Kawara nai Mono,Soundtrack,7,100
Penguin Cafe Orchestra - Perpetuum Mobile (Mary & Max soundtrack) guitar cover by Tamás Petró,Soundtrack,7,100
52 Chachki Pickup,Soundtracks,7,100
Canine Conundrum,Soundtracks,7,100
Carl Goes Up,Soundtracks,7,100
Carl's Maiden Voyage,Soundtracks,7,100
Escape From Muntz Mountain,Soundtracks,7,100
Giving Muntz The Bird,Soundtracks,7,100
He's Got The Bird,Soundtracks,7,100
It's Just A House,Soundtracks,7,100
Kevin Beak'n,Soundtracks,7,100
Married Life,Soundtracks,7,100
Meet Kevin In The Jungle,Soundtracks,7,100
Memories Can Weigh You Down,Soundtracks,7,100
Muntz's Dark Reverie,Soundtracks,7,100
Paradise Found,Soundtracks,7,100
Seizing The Spirit Of Adventure,Soundtracks,7,100
Stuff We Did,Soundtracks,7,100
The Ellie Badge,Soundtracks,7,100
The Explorer Motel,Soundtracks,7,100
The Nickel Tour,Soundtracks,7,100
The Small Mailman Returns,Soundtracks,7,100
The Spirit Of Adventure,Soundtracks,7,100
Three Dog Dash,Soundtracks,7,100
Up With End Credits,Soundtracks,7,100
Up With Titles,Soundtracks,7,100
Walkin' The House,Soundtracks,7,100
We're In The Club Now,Soundtracks,7,100
Love In Our Eyes,,7,100
Time of Your Life (Cover),,7,100
Songbird,,7,100
Blow  (Deconstructed EP),,7,100
I'm Just Your Problem,,7,100
Kids,,7,80
Kids (Orchestral),,7,80
Stay,,7,100
One Way Ticket,,7,
VOiCE-Teto,,7,
Tyme,Ambient,8,60
Venice,Ambient,8,80
A Way of Life,Blues,8,40
Allegro ma non troppo - Violin Concerto in A minor (1st movement),Classical,8,100
Allegro ma non troppo - Violin Concerto in A minor (2nd movement),Classical,8,100
Just a Kiss,Country,8,100
Swing Doors,Game,8,100
Crazy He Calls Me,Game,8,100
Easy Living,Game,8,100
Jazzy Interlude,Game,8,100
Happy Times,Game,8,100
Way Back Home,Game,8,100
Anything Goes,Game,8,100
Dixie,Game,8,100
Civilization,Game,8,100
Rhythm For You,Game,8,100
Into Each Life Some Rain Must Fall,Game,8,100
Fox Boogie,Game,8,100
Jolly Days,Game,8,100
Vault 101 01,Game,8,100
Vault 101 02,Game,8,100
Vault 101 03,Game,8,100
Vault 101 04,Game,8,100
Vault 101 05,Game,8,100
Vault 101 06,Game,8,100
Violin Noodling 01,Game,8,100
Violin Noodling 02,Game,8,100
Violin Noodling 03,Game,8,100
Violin Noodling 04,Game,8,100
Violin Noodling 05,Game,8,100
Violin Noodling 06,Game,8,100
I'm Tickled Pink,Game,8,100
Let's Go Sunning,Game,8,100
Gigue - Partita No. 3,Game,8,100
Grave - Sonata No. 2,Game,8,100
Preludio - Partita No. 3,Game,8,100
Stars and Stripes,Game,8,100
Attack,Game,8,100
Besaid Island,Game,8,100
Decisive Battle,Game,8,80
Ending Theme,Game,8,100
Guadosalam,Game,8,100
People Of The Far North,Game,8,100
Rikku's Theme,Game,8,80
Song of Prayer,Game,8,80
Suteki Da Ne,Game,8,100
Thunder Plateau,Game,8,100
Tidus' Theme,Game,8,100
To Zanarkand,Game,8,100
Travel Agency,Game,8,100
Via Purifico,Game,8,100
Yuna's Determination,Game,8,80
Zigeunerweisen,Game,8,100
Butcher Pete (Part 1),Game,8,100
Mighty Mighty Man,Game,8,100
America The Beautiful,Game,8,100
Boogie Man,Game,8,100
A Wonderful Guy,Game,8,100
I Don’t Want To Set The World On Fire,Game,8,100
Maybe,Game,8,100
Hail Columbia,Game,8,100
Halls of Montezuma,Game,8,100
The Battle Hymn of the Republic,Game,8,100
The Washington Post,Game,8,100
The Washington Post (mono/stereo),Game,8,100
Yankee Doodle,Game,8,100
Cosmos,Game,8,80
Dearly Beloved -Reprise-,Game,8,80
Ventus  Theme,Game,8,100
Baiulus,Indie,8,60
Love is War,J-Pop,8,80
私へ,Japanese Pop,8,80
La Vie En Rose,Jazz,8,100
Light Dance,New Age,8,100
Love Is Here To Stay,New Age,8,60
Never On Sunday,Oldies,8,80
Mr. Sandman,Oldies,8,100
Georgy Girl,Oldies,8,100
Davy Jones,Original Score,8,100
My Love,OST,8,100
Titanium,Other,8,100
Just Give Me A Reason feat. Nate Ruess,Other,8,100
Whataya Want From Me,Pop,8,100
King Of Anything,Pop,8,100
All That I'm Good For,Singer/Songwriter,8,
Betting On Trains,Singer/Songwriter,8,80
Burying Song,Singer/Songwriter,8,100
Half Acre,Singer/Songwriter,8,100
Horsey,Singer/Songwriter,8,
Idle (The Rabbit Song),Singer/Songwriter,8,
Lazy Eye,Singer/Songwriter,8,80
Leave Me Here,Singer/Songwriter,8,100
Lord Blow the Moon Out Please,Singer/Songwriter,8,
Night Like a River,Singer/Songwriter,8,80
Polly's Dress,Singer/Songwriter,8,100
Sailor,Singer/Songwriter,8,80
Stupid Mouth Shut,Singer/Songwriter,8,
The Cuckoo,Singer/Songwriter,8,
Waltz,Singer/Songwriter,8,100
When I Was Drinking,Singer/Songwriter,8,
Overture of the Summer Wars,Soundtrack,8,80
仮想都市OZ,Soundtrack,8,80
Christmas Eve Montage,Soundtrack,8,100
Closing,Soundtrack,8,100
Doctor Finklestein/In the Forest,Soundtrack,8,100
End Title,Soundtrack,8,100
Finale (Reprise),Soundtrack,8,100
Jack and Sally Montage,Soundtrack,8,100
Jack's Lament,Soundtrack,8,100
Jack's Obsession,Soundtrack,8,100
Kidnap the Sandy Claws,Soundtrack,8,100
Making Christmas,Soundtrack,8,100
Nabbed,Soundtrack,8,100
Oogie Boogie's Song,Soundtrack,8,100
Opening,Soundtrack,8,100
Overture,Soundtrack,8,100
Poor Jack,Soundtrack,8,100
Sally's Song,Soundtrack,8,100
This Is Halloween,Soundtrack,8,100
To the Rescue,Soundtrack,8,100
Town Meeting Song,Soundtrack,8,100
What's This?,Soundtrack,8,100
Eternity ~Memories of Light and Waves~,Soundtrack,8,80
Davy Jones Theme (T. Kalashnikov),Soundtrack,8,100
Adagio of Life and Death,Soundtrack,8,
Adagio of Life and Death II,Soundtrack,8,
Princess Mononoke Theme Song,Soundtrack,8,100
Princess Mononoke Theme Song [Instrumental Version],Soundtrack,8,
The Battle Drums,Soundtrack,8,
The Demon God II - The Lost Mountains,Soundtrack,8,
The Forest Gods,Soundtrack,8,
The Furies,Soundtrack,8,
The Journey to the West,Soundtrack,8,100
The Legend of Ashitaka Theme [End Credit],Soundtrack,8,100
The Retreat,Soundtrack,8,
The Tarara Women Work Song,Soundtrack,8,100
The World of the Dead,Soundtrack,8,80
The World of the Dead II,Soundtrack,8,80
One Day,Soundtrack,8,80
BRSのテーマ3,Soundtrack,8,60
Battle of BRS,Soundtrack,8,100
Mass Destruction -P3fes version- ,Soundtrack,8,80
P3 fes,Soundtrack,8,40
When The Moon 's Reaching Out Stars,Soundtrack,8,40
Summer in Kagome,Soundtrack,8,80
Turii -Panta Rhei-,Soundtrack,8,100
Zeta 素数の世界と超越者,Soundtrack,8,60
Dream Is Collapsing,Саундтрек,8,100
Dream Within A Dream,Саундтрек,8,100
Half Remembered Dream,Саундтрек,8,80
Mombassa,Саундтрек,8,
Old Souls,Саундтрек,8,
One Simple Idea,Саундтрек,8,
Paradox,Саундтрек,8,
Radical Notion,Саундтрек,8,
Time,Саундтрек,8,100
Waiting For A Train,Саундтрек,8,100
We Built Our Own World,Саундтрек,8,
Entree,,8,100
Mirror Mirror,,8,80
This Will Be the Day,,8,100
If I Never Knew You,,8,100
The Librarian,,8,100
Mr. Sandman (Cover),,8,100
Just Give Me A Reason (Cover),,8,100
Dotted Lines,,8,100
Summertime Sadness,Alternative,9,100
Akimbo (Astrid Kane Remix Feat. Lloyd Cole),Dance & DJ,9,40
Clue (Alias Remix),Dance & DJ,9,80
Dew Climbs (Half Cousin Remix),Dance & DJ,9,100
Lunz (Adem's Lunz),Dance & DJ,9,100
Lunz (Faultline Remix),Dance & DJ,9,100
Lunz (Ulrich Schnauss Remix),Dance & DJ,9,40
Murmuring Mermaids (The Tecil Temotrope Remix by Icarus),Dance & DJ,9,80
"Wobbly Flu Twilight (""The Chef's Lament"" A Wobbly Flu Remix by Elbow)",Dance & DJ,9,100
Wobbly Flu Twilight (Lux Aeterna Remix by Alquimia),Dance & DJ,9,100
Carnickel and Pocketboat,Dance & DJ,9,60
Carnickel and Pocketboat (Millenia Nova Remix),Dance & DJ,9,40
Cloud Pull,Dance & DJ,9,80
Clue,Dance & DJ,9,80
Dew Climbs,Dance & DJ,9,100
Lunz,Dance & DJ,9,100
Murmurring Mermaids,Dance & DJ,9,100
Nevertheless,Dance & DJ,9,
Something Happened Here,Dance & DJ,9,40
Something Happened Here (Munk Interpretation),Dance & DJ,9,40
Uferlose Sea,Dance & DJ,9,60
Under Mars We Were,Dance & DJ,9,80
Under Mars We Were (Arkham Remix),Dance & DJ,9,60
Wobbly Flu Twilight,Dance & DJ,9,80
Akimbo,Dance & DJ,9,80
Vincent,Folk,9,100
The Man Who Can't Be Moved,Indie,9,100
Little House,Soundtrack,9,100
A quai,Soundtrack,9,80
Comptine d'un autre été : L'après midi,Soundtrack,9,100
Guilty,Soundtrack,9,80
J'y suis jamais allé,Soundtrack,9,80
L'autre valse d'Amélie,Soundtrack,9,80
La dispute,Soundtrack,9,80
La noyée,Soundtrack,9,80
La redécouverte,Soundtrack,9,80
La valse d'Amélie,Soundtrack,9,80
La valse d'Amélie (orchestra),Soundtrack,9,100
La valse d'Amélie (piano),Soundtrack,9,100
La valse des monstres,Soundtrack,9,80
La valse des vieux os,Soundtrack,9,80
Le banquet,Soundtrack,9,80
Le moulin,Soundtrack,9,100
Les jours tristes,Soundtrack,9,80
Pas si simple,Soundtrack,9,80
Si tu n'étais pas là (Fréhel),Soundtrack,9,80
Soir de fête,Soundtrack,9,80
Sur le fil,Soundtrack,9,80
The A Team,,9,100
Follow,,9,80
Yellow                        ,,9,80
What The Water Gave Me,,9,100
Spell,,9,100
Superman (It's Not Easy),,9,100
Lilium ~saint version~,145,10,60
Last Song,145,10,
Ding! Dong! Dang!,145,10,80
All The Things She Said,Acid Jazz,10,100
Before It's Too Late,Alternative,10,80
Hear You Me,Alternative,10,80
Chasing Cars,Alternative,10,100
Your Guardian Angel,Alternative,10,100
I Hate Everything About You,Alternative,10,100
Harbor,Alternative,10,100
Gravity,Alternative,10,100
Lullaby for a Stormy Night,Alternative,10,100
How I Go,Alternative,10,100
I'm With You,Alternative & Punk,10,100
Thnks Fr Th Mmrs,Alternative & Punk,10,60
Chop Suey,Alternative Rock,10,80
Wind ,Anime,10,60
Michi~to you all,Anime,10,80
Soba ni Iru Kara,Anime,10,60
Chain,Anime,10,100
Eternal Snow,Anime,10,80
Be your girl,Anime,10,80
Undo,Anime,10,60
Nothing I Won't Give,Anime,10,80
Tsubasa,Anime,10,80
Akatsuki no Kuruma,Anime,10,100
GO!!!,Anime,10,80
But but but...,Anime,10,60
Kageri no Fuuin,Anime,10,40
Secret Someone's Message (Dakara no Message),Anime,10,80
Yura Yura,Anime,10,100
Replay Machine,Anime,10,60
Change The World,Anime,10,40
Ano hi no Kawa E,Anime,10,80
Chihiro no Waltz,Anime,10,100
Inochi no Namae (The Name of Life),Anime,10,100
Shining Soul,Anime,10,
Lilium ~opening version~,Anime,10,100
Ready Steady Go!,Anime,10,80
Kanashimi wo Yasashisa Ni,Anime,10,80
Sadness And Sorrow,Anime,10,60
Sadness and Sorrow (Piano Version),Anime,10,60
Naruto Ondo,Anime,10,80
OH!ENKA,Anime,10,100
The WORLD,Anime,10,100
Hero's Come Back!!,Anime,10,80
Alive,Anime,10,60
Quincy no Hokori ni Kakete,Anime,10,20
Kimi wa Boku ni Niteiru,Anime,10,60
Shikamaru's Neko Song,Anime,10,100
My Pace,Anime,10,
Meteor,Anime,10,60
Returnable Memories (Asu he no Basho),Anime,10,80
Kaze Ni Naru,Anime,10,100
Brothers,Anime,10,80
Tobira No Mukou,Anime,10,80
LIFE,Anime,10,100
Itsumo Nando Demo,Anime,10,80
Fields Of Innocence,Blues,10,60
Restless,Blues,10,60
Stand in the Rain,Christian Pop Punk,10,100
Nocturne in E flat major Opus 9 No.2,Classical,10,100
Clair De Lune,Classical,10,100
La Fille aux Cheveux de Lin,Classical,10,100
I Told You So,Country,10,100
Landslide,Country,10,60
Pearl Harbor Soundtrack: There You'll Be,Country,10,60
Picture,Country,10,80
Looking Through Your Eyes,Country,10,60
Someday                  ,Country,10,40
Our Song,Country,10,20
White Horse,Country,10,60
Chemicals React,Dance,10,100
If You Come To Me (Radio Edit),Dance,10,60
The Phantom of the Opera,Electronica,10,40
We're in Heaven (Techno Remix),Electrónica y Dance,10,60
Usotsuki,Game,10,40
OBLIVION,Game,10,100
Beyond the sky,Game,10,40
Breaking myself,Game,10,40
Ohayo!,Game,10,40
Still I Love You ~Music Box Version~,Game,10,60
Still I Love You ~Piano Version~,Game,10,80
Sweet pain,Game,10,20
Voice of heart,Game,10,40
Give me the Light,Game,10,60
Thoughts Unarrived,Game,10,100
Nemuru Omoi,Game,10,40
OBLIVION ~Rockin' Night Style~,Game,10,100
To Zanarkand / Suteki Da Ne,Game,10,100
Hadashi no Kiseki,Game,10,40
Without you,Game,10,40
Lazy Mind,Game,10,80
tori no uta -poetry of a bird-,Game,10,100
EverLand,Game,10,60
Play Chess In The Air,Game,10,60
5 Years War,Game,10,80
Church,Game,10,80
Hold Your Life,Game,10,80
Poem,Game,10,60
Prontera Field,Game,10,60
Pub,Game,10,40
Red Wolf,Game,10,60
Sara,Game,10,80
Swamper,Game,10,60
King's Joy,Game,10,60
Sailing,Game,10,80
The Force Midgarts,Game,10,60
Beginners,Game,10,80
Clap & Walk,Game,10,60
Din Don Dan Dan,Game,10,100
Hodo,Game,10,80
Intro Theme,Game,10,100
Yoru,Game,10,100
記憶の海,Game,10,80
Look At Me,Game,10,40
Look At Me (Instrumental),Game,10,40
ワルツ,Game,10,100
ワルツ (Instrumental),Game,10,80
涙の理由,Game,10,60
Dream of a Boy's Dream,Game & Anime,10,100
Shepherd Moons,General New Age,10,40
Angels,Gothic Metal,10,80
Stand My Ground,Gothic Metal,10,80
Bring Me To Life (Original),Gothic Rock,10,80
Everybody's Fool,Gothic Rock,10,60
Haunted,Gothic Rock,10,60
I Must Be Dreaming,Gothic Rock,10,60
Enjoy The Silence,Gothic Rock,10,100
Pale,Gothic Rock,10,80
Somewhere,Gothic Rock,10,80
Home,Hard Rock,10,80
Stronger,Hip-Hop/Rap,10,60
Rhythm of Love,Indie/Pop Punk,10,100
ET - Katy Perry ft. Kanye West - Classical Cover,Instrumental,10,100
Halo (Piano cover),Instrumental,10,100
Dear You (instrumental),Instrumental,10,80
Be your girl (Instrumental),Instrumental,10,60
Expression,Instrumental,10,100
Porcelain,Instrumental,10,80
The Sacrifice,Instrumental,10,100
FFVII Main Theme (Piano),Instrumental,10,100
Terra,Instrumental,10,80
First Love [piano vers.],Instrumental,10,80
Simple and Clean [piano vers.],Instrumental,10,80
Chasing Cars,Instrumental,10,100
Hey There Delilah,Instrumental,10,100
Iris,Instrumental,10,100
Last Night Good Night [ Instrumental ],Instrumental,10,100
Rue des Cascades,Instrumental,10,80
How I Go [piano vers.],Instrumental,10,100
River Flows In You,Instrumental,10,80
Akatsuki,J-Pop,10,60
Is this LOVE?,J-Pop,10,100
Akatsuki no Kuruma (Accoust),J-Pop,10,100
Love is War (Cover),J-Pop,10,100
Candy Pop,J-Pop,10,100
Oh My Love...,J-Pop,10,60
Still Doll,J-Pop,10,100
Last regrets -Acoustic Version-,J-Pop,10,100
Natsukage ~Summer Lights~,J-Pop,10,60
願いが叶う場所,J-Pop,10,60
3月9日,J-Pop,10,100
Konayuki,J-Pop,10,100
Life is Like a Boat,J-Pop,10,100
The Answer,J-Pop,10,100
Deep In The Darkest Blue,J-Pop,10,100
Voice For You,J-Pop,10,60
First Love,J-Pop,10,80
Hikari,J-Pop,10,100
Why,J-Pop,10,80
人柱アリス,J-Pop,10,100
Ｆｏｒ　ｔｏｄａｙ,J-Pop,10,100
Ｗｈｙ,J-Pop,10,100
おかえり,J-Pop,10,100
みんな空の下（「アジエンス」ＣＭソング）,J-Pop,10,100
夢を味方に,J-Pop,10,80
恋焦がれて見た夢,J-Pop,10,100
愛を歌おう,J-Pop,10,100
手をつなごう,J-Pop,10,100
ＣＬＡＰ＆ＬＯＶＥ,J-Pop,10,100
Ｉ　ｂｅｌｉｅｖｅ,J-Pop,10,80
Ｊｅｗｅｌｒｙ　ｄａｙ,J-Pop,10,100
ｍｅｌｏｄｙ,J-Pop,10,100
Ｒｅａｌ　ｖｏｉｃｅ,J-Pop,10,100
三日月,J-Pop,10,100
あなたと,J-Pop,10,100
ＷＩＮＤＩＮＧ　ＲＯＡＤ,J-Pop,10,100
SAKURA ADDICTION,Jazz,10,100
Fadeaway,Metal,10,80
Lithium,Metal,10,60
Mexico,Metal,10,80
Mad World,Other,10,100
It's OK ,Other,10,60
Keep Holding On,Other,10,80
Why,Other,10,80
La La La,Other,10,60
This Love,Other,10,80
Truly Madly Deeply,Other,10,60
Taking Chances,Other,10,80
Dawson's Creek Soundtrack: Letting Go,Other,10,60
The Most Evolved,Other,10,60
Requiem for a Dream,Other,10,80
Listen To Your Heart (sad + slow),Other,10,60
Listen To Your Heart (remix),Other,10,60
Come Undone,Other,10,80
Sorry Seems To Be The Hardest Word,Other,10,60
The Phantom of the Opera,Other,10,100
Sorrow,Other,10,80
Where'd You Go,Other,10,80
Stacy's Mom,Other,10,100
Mad World,Other,10,100
One Step At A Time,Other,10,60
Lilium,Other,10,100
Unbeautiful,Other,10,100
Tori no Uta (Music Version) Ft. Lia,Other,10,80
In The End,Other,10,80
Awakening,Other,10,100
Amaranth,Other,10,100
Friends Forever,Other,10,60
Fall For You,Other,10,60
Untitled,Other,10,40
How To Lose A Guy In 10 Days Soundtrack: Don't Dream It's Over,Other,10,80
Perfect Day,Other,10,
All About Us,Other,10,100
4ever,Other,10,80
Ice Queen,Other,10,80
Homeless Heart,Pop,10,80
Breathe (2 AM),Pop,10,100
Kiss The Girl,Pop,10,60
Someone Like Me,Pop,10,100
Don't Tell Me,Pop,10,40
Fall To Pieces,Pop,10,80
Forgotten,Pop,10,40
Freak Out,Pop,10,40
He Wasn't,Pop,10,20
He Wasn't [Live],Pop,10,60
How Does It Feel,Pop,10,40
Losing Grip,Pop,10,60
My Happy Ending,Pop,10,80
Naked,Pop,10,60
Nobody's Home,Pop,10,60
Nobody's Home [Live],Pop,10,60
Slipped Away,Pop,10,40
Take Me Away,Pop,10,80
Take Me Away [Live],Pop,10,60
Things I'll Never Say,Pop,10,80
Together,Pop,10,40
Tomorrow [Live],Pop,10,60
Who Knows,Pop,10,40
Homeless Heart,Pop,10,60
Hear Me Cry,Pop,10,100
A New Day Has Come,Pop,10,60
A New Day Has Come (Radio RMX),Pop,10,60
Surrounded,Pop,10,40
Genie in a Bottle,Pop,10,40
You Got Me,Pop,10,100
Bad Day,Pop,10,40
We're in Heaven [Candlelight Mix],Pop,10,60
Imaginary,Pop,10,40
Lies,Pop,10,40
The Sweet Escape,Pop,10,40
Over the Rainbow,Pop,10,100
Whatcha Say,Pop,10,100
Lucky (Feat. Colbie Caillat),Pop,10,100
Pieces Of Me,Pop,10,100
Beauty And The Beast,Pop,10,60
A Moment Like This,Pop,10,80
All I Ever Wanted,Pop,10,40
Already Gone,Pop,10,100
Anytime,Pop,10,60
Beautiful Disaster,Pop,10,80
Before Your Love,Pop,10,80
Cry,Pop,10,80
Don't Let Me Stop You,Pop,10,80
I Do Not Hook Up,Pop,10,80
I Hate Myself For Losing You,Pop,10,60
I Want You,Pop,10,40
If I Can't Have You,Pop,10,60
If No One Will Listen,Pop,10,80
Impossible,Pop,10,60
Just Missed The Train,Pop,10,100
Long Shot,Pop,10,80
Low,Pop,10,80
Miss Independent,Pop,10,80
My Life Would Suck Without You,Pop,10,80
Ready,Pop,10,60
Save You,Pop,10,60
Some Kind Of Miracle,Pop,10,60
Thankful,Pop,10,40
The Day We Fell Apart,Pop,10,60
The Trouble With Love Is,Pop,10,80
Tip Of My Tongue,Pop,10,40
To Make You Feel My Love,Pop,10,80
Walk Away,Pop,10,60
What's Up Lonely,Pop,10,60
Where Is Your Heart,Pop,10,100
Whyyawannabringmedown,Pop,10,60
You Found Me,Pop,10,100
You Thought Wrong,Pop,10,80
Suddenly I See,Pop,10,60
Honey,Pop,10,80
I Need Love,Pop,10,60
We Will Not Grow Old,Pop,10,80
Like A Song,Pop,10,100
Live Like You're Dying,Pop,10,100
Trouble Is A Friend,Pop,10,100
Dangerous And Sweet,Pop,10,80
Knock Knock,Pop,10,100
Anything I'm Not,Pop,10,60
Don't Let Me Fall,Pop,10,100
Skipalong,Pop,10,80
Bring Me Down,Pop,10,100
The Show,Pop,10,80
Princess Diaries 2 Soundtrack: I Decide,Pop,10,40
Mirror Mirror,Pop,10,60
Die Another Day (Radio Edit),Pop,10,80
Wake Up Call,Pop,10,60
Everywhere,Pop,10,60
Who Knew,Pop,10,100
What If I'm Right,Pop,10,40
Love Song,Pop,10,80
All Star,Pop,10,40
Tomorrow,Pop,10,
True Heart,Pop,10,
Rule The World,Pop,10,80
My Bloody Valentine,Pop,10,80
Love story [Radio edit],Pop,10,80
You Belong With Me,Pop,10,80
You Belong With Me (radio mix) - Taylor Swift,Pop,10,60
Zombie,Pop,10,60
Easy Breezy,Pop,10,100
Kremlin Dusk,Pop,10,100
Sanctuary,Pop,10,80
Simple and Clean,Pop,10,80
Drive,Pop,10,60
Graduation (Friends Forever),Pop,10,60
Check Yes Juliet,Pop,10,100
We'll Be A Dream (Feat. Demi Lovato),Pop,10,100
Falling For The First Time,Pop-Folk,10,60
Welcome To My Life,Pop-Punk,10,60
Girlfriend,Pop/rock,10,20
When You're Gone,Pop/Rock,10,80
Six Feet Under The Stars,Punk,10,80
Boulevard of Broken Dreams,Punk,10,60
Misery Business,Punk,10,100
A Lonely September,Punk,10,100
Hey There Delilah,Punk,10,100
Breathe No More,Punk Rock,10,40
Wake Me Up When September Ends,Punk Rock,10,60
I Don't Wanna Think About You,Punk Rock,10,40
Perfect World,Punk Rock,10,
No Reason,Punk Rock,10,80
Noots,Punk Rock,10,100
Still Waiting,Punk Rock,10,80
Unfaithful,R&B,10,60
Feel Good Inc.,Rap & Hip-Hop,10,100
iGeneration,Rap & Hip-Hop,10,80
Can't Cry Hard Enough,Religious,10,80
Imagine Me Without You,Religious,10,80
Girlfriend [Remix] Feat. Lil' Mama,remix,10,40
Let Me Go,Rock,10,60
His World,Rock,10,60
The Great Escape,Rock,10,100
What About Now,Rock,10,60
Viva La Vida,Rock,10,100
Escape from the City,Rock,10,40
It doesn't Matter (SA1 version),Rock,10,40
It doesn't Matter (SA2 version),Rock,10,20
Live & Learn,Rock,10,40
Open Your Heart,Rock,10,40
Seven Rings in Hand (Crush 40 Version),Rock,10,40
Sonic Heroes,Rock,10,40
What I'm made of...,Rock,10,40
Open Your Heart (Crush 40 vs. Bently Jones Remix),Rock,10,40
Spider Man 2 Soundtrack: Vindicated,Rock,10,100
Enjoy the Silence,Rock,10,100
Call Me When You're Sober,Rock,10,100
Hello,Rock,10,40
My Immortal,Rock,10,60
All Around Me,Rock,10,80
Lips of an Angel,Rock,10,60
Better than Me,Rock,10,60
Look What You've Done,Rock,10,80
Again And Again,Rock,10,60
Angel Island Zone (SSBB Remix),Rock,10,40
Somewhere Only We Know,Rock,10,100
Sonic Boom,Rock,10,40
You Can Do Anything,Rock,10,40
Seven Rings in Hand,Rock,10,40
Dive To Blue,Rock,10,100
Flower,Rock,10,100
I'll Be Waiting,Rock,10,80
Bleed It Out,Rock,10,80
Faint,Rock,10,100
My December,Rock,10,80
No More Sorrow,Rock,10,80
Numb,Rock,10,100
What I've Done,Rock,10,80
Are You Happy Now,Rock,10,60
Teenagers,Rock,10,60
Far Away,Rock,10,100
Photograph,Rock,10,80
Stop & Stare,Rock,10,80
CrushCrushCrush,Rock,10,100
Emergency,Rock,10,60
This Never Happened Before,Rock,10,100
Cruel Intentions Soundtrack: Every You Every Me,Rock,10,100
Snow ((Hey Oh)),Rock,10,80
Weight of the World,Rock,10,100
Love Is Free,Rock,10,60
Comatose,Rock,10,100
Super Sonic Racing,Rock,10,40
Sonic Speed Riders,Rock,10,40
Sonic X Theme,Rock,10,40
Pieces,Rock,10,100
The Hell Song,Rock,10,100
We Live,Rock,10,
Wishes,Rock,10,
A New Venture (Surfin' S.R.A Remix),Rock,10,40
Right There Ride on,Rock,10,40
Race to Win,Rock,10,
Absolute,Rock,10,60
Enough for Now,Rock,10,40
Happiness,Rock,10,60
Never Say Never,Rock,10,100
Say When,Rock,10,60
Syndicate,Rock,10,100
Ungodly Hour,Rock,10,100
We Build Then We Break,Rock,10,40
Where the Story Ends,Rock,10,60
You Found Me,Rock,10,100
When You Were Young,Rock,10,80
Imamade Nandomo ,Rock,10,40
(Don't Fear) The Reaper,Rock,10,60
In the Shadows,Rock,10,100
Face Down,Rock,10,100
His World (Zebrahead Version),Rock,10,80
Whisper,Rock/Pop,10,100
Somewhere Only We Know,Rock/Pop,10,80
I'm Still Here,Rock/Pop,10,80
I Met a Girl,Rock/Pop,10,40
On My Own,Showtunes,10,60
Defying Gravity,Showtunes,10,80
Hallelujah,Soul and R&B,10,80
Almost There,Soundtrack,10,100
Down In New Orleans (Finale),Soundtrack,10,100
Down In New Orleans (Prologue),Soundtrack,10,100
Always Know Where You Are,Soundtrack,10,60
Diamond Dogs,Soundtrack,10,40
A La Nanita Nana,Soundtrack,10,80
Every Grain of Sand,Soundtrack,10,60
It Ain't Me Babe,Soundtrack,10,60
Maggie's Farm,Soundtrack,10,100
The Times They Are A-Changin',Soundtrack,10,60
Children Of The Revolution,Soundtrack,10,40
Spirit: Stallion of the Cimarron Soundtrack: Don't Let Go,Soundtrack,10,100
Bicentennial Soundtrack: Then You Look At Me,Soundtrack,10,60
Lady Marmalade,Soundtrack,10,80
Ice Dance,Soundtrack,10,100
Nature Boy,Soundtrack,10,80
Nature Boy,Soundtrack,10,40
Down In New Orleans,Soundtrack,10,100
I'll Be,Soundtrack,10,80
Darcy's Letter,Soundtrack,10,100
Your Song,Soundtrack,10,100
El Tango De Roxanne,Soundtrack,10,80
Because We Can,Soundtrack,10,40
City of Angels Soundtrack: Iris,Soundtrack,10,80
Oogway Ascends,Soundtrack,10,100
At Wit's End,Soundtrack,10,80
Calypso,Soundtrack,10,80
Drink Up Me Hearties,Soundtrack,10,100
Hoist the Colours,Soundtrack,10,80
I Don't Think Now Is the Best Time,Soundtrack,10,80
I See Dead People in Boats,Soundtrack,10,80
Multiple Jacks,Soundtrack,10,80
One Day,Soundtrack,10,80
Parlay,Soundtrack,10,80
Singapore,Soundtrack,10,80
The Brethren Court,Soundtrack,10,80
Up Is Down,Soundtrack,10,80
What Shall We Die For,Soundtrack,10,80
Kayla,Soundtrack,10,100
Crash World,Soundtrack,10,60
Now You Know,Soundtrack,10,60
Spiderman 2 Soundtrack: Did You,Soundtrack,10,60
Way Back Into Love,Soundtrack,10,100
"Becoming One Of ""The People"" / Becoming One With Neytiri",Soundtrack,10,60
"Climbing Up ""Iknimaya - The Path To Heaven""",Soundtrack,10,60
Gathering All The Na'vi Clans For Battle,Soundtrack,10,60
Jake's First Flight,Soundtrack,10,60
Jakes Enters His Avatar World,Soundtrack,10,60
Pure Spirits Of The Forest,Soundtrack,10,60
Quaritch [Album Version],Soundtrack,10,60
Scorched Earth,Soundtrack,10,60
Shutting Down Grace's Lab,Soundtrack,10,60
The Bioluminescence Of The Night,Soundtrack,10,60
The Destruction Of Hometree,Soundtrack,10,60
War [Album Version],Soundtrack,10,60
You Don't Dream In Cryo. ....,Soundtrack,10,60
Cereal Boxes,Soundtrack,10,60
Charades,Soundtrack,10,80
End Titles,Soundtrack,10,100
Fairy Dance,Soundtrack,10,100
Giving the Kii,Soundtrack,10,60
Lady in the Water Medley,Soundtrack,10,100
Officer Jimbo,Soundtrack,10,60
Prologue,Soundtrack,10,80
Ripples in the Pool,Soundtrack,10,100
The Blue World,Soundtrack,10,60
The Great Eatlon,Soundtrack,10,100
The Healing,Soundtrack,10,100
The Party,Soundtrack,10,60
Walkie Talkie,Soundtrack,10,60
Dig A Little Deeper,Soundtrack,10,100
Best Day of My Life,Soundtrack,10,60
Even Angels Fall,Soundtrack,10,60
Jigoku Nagashi,Soundtrack,10,100
Ma Belle Evangeline,Soundtrack,10,100
Gonna Take You There,Soundtrack,10,100
One of Us,Soundtrack,10,60
Summer Nights,Soundtrack,10,80
Your Crowning Glory,Soundtrack,10,40
Lacrimosa,Soundtrack,10,100
Friends On The Other Side,Soundtrack,10,100
01 Main Title,Soundtrack,10,40
02. yurijan,Soundtrack,10,40
03. misil tema,Soundtrack,10,40
04. daleul gariun hae(norae  isojeong),Soundtrack,10,40
05. balbambalbam(norae  honggwangho),Soundtrack,10,40
06. baramggoc (E.S),Soundtrack,10,40
07 Araro,Soundtrack,10,40
08. dorian(到離岸),Soundtrack,10,40
09. bijae,Soundtrack,10,40
10 Passo Dopo Passo,Soundtrack,10,40
11. baramggoc(e.s) (norae  aiyu),Soundtrack,10,40
12 Come People Of God(이소정),Soundtrack,10,40
13. sara,Soundtrack,10,40
14. gajil su eobsneun.. aneul su eobsneun..,Soundtrack,10,40
15 Destruction Of The Kingdom,Soundtrack,10,40
16. deogman tema,Soundtrack,10,40
17. hanulnari,Soundtrack,10,40
18. nangjanggyeolyi,Soundtrack,10,40
19 Dreams,Soundtrack,10,40
20 The Rising Empire,Soundtrack,10,40
CALLING,Soundtrack,10,100
I See You (Theme From Avatar),Soundtrack,10,60
Why Can't I,Soundtrack,10,100
Seizure Of Power,Soundtrack,10,60
Anyone Else But You,Soundtrack,10,100
When We're Human,Soundtrack,10,100
Unwritten,Soundtrack,10,60
Never Knew I Needed,Soundtrack,10,100
One Day I'll Fly Away,Soundtrack,10,60
Come What May,Soundtrack,10,100
Elephant Love Medley,Soundtrack,10,100
Sparkling Diamonds,Soundtrack,10,40
Hindi Sad Diamonds,Soundtrack,10,20
Advent One Winged Angel,Soundtrack,10,100
Aerith's Theme [Piano Version],Soundtrack,10,100
Battle in the Forgotten City,Soundtrack,10,100
Beyond The Wasteland,Soundtrack,10,100
Black Water,Soundtrack,10,100
Cloud Smiles,Soundtrack,10,100
Divinity I,Soundtrack,10,100
Divinity II,Soundtrack,10,100
Encounter,Soundtrack,10,100
End Credits,Soundtrack,10,100
For the Reunion,Soundtrack,10,100
J-E-N-O-V-A [FFVII AC Version],Soundtrack,10,100
Kita no Daikuudou [FFVII AC Version],Soundtrack,10,100
Materia,Soundtrack,10,100
Opening,Soundtrack,10,100
Savior,Soundtrack,10,100
Sign,Soundtrack,10,100
The Chase of Highway,Soundtrack,10,100
The Promised Land,Soundtrack,10,100
Those Who Fight [FFVII AC Version],Soundtrack,10,100
Those Who Fight [Piano Version],Soundtrack,10,100
Those Who Fight Further [FFVII AC Version],Soundtrack,10,100
Tifa's Theme [Piano Version],Soundtrack,10,100
Violator,Soundtrack,10,100
Water,Soundtrack,10,100
Fairy Tale / Going Home,Soundtrack,10,100
I Know This Story,Soundtrack,10,100
Ray / Mama Odie,Soundtrack,10,100
Ray Laid Low,Soundtrack,10,100
The Frog Hunters / Gator Down,Soundtrack,10,100
This Is Gonna Be Good,Soundtrack,10,100
Tiana's Bad Dream,Soundtrack,10,100
La Vie Boheme,Soundtrack,10,100
Light My Candle,Soundtrack,10,100
Out Tonight,Soundtrack,10,100
Seasons of Love,Soundtrack,10,100
Without You,Soundtrack,10,100
You'll See,Soundtrack,10,100
Complainte De La Butte,Soundtrack,10,100
Broken,Soundtrack,10,100
I'm A Believer,Soundtrack,10,40
Sakasama no chou,Soundtrack,10,100
You Make Me Feel Like A Star,Soundtrack,10,60
Daredevil Soundtrack: For You,Soundtrack,10,60
Rhythm Of The Night,Soundtrack,10,40
Inner Universe,Soundtrack,10,100
Sora,Soundtrack,10,100
Somnus,Soundtrack,10,100
Houki Hoshi,Soundtrack,10,80
Everytime We Touch (Radio Mix),Trance,10,60
Beautiful Day,Trance,10,100
The Rose,Vocal,10,60
Everything,Vocal,10,60
THE GARDEN OF EVERYTHING~～電気ロケットに君を連れて～,ポップ,10,100
Tom Nook's Store,,10,100
REWRITE,,10,80
I Wanna Be Like Other Girls,,10,60
Afterlife,,10,100
Innocence,,10,60
Seasons,,10,60
Inconsolable,,10,60
I'M ALIVE!!,,10,100
Can't Cry Hard Enough,,10,80
Haru Haru,,10,80
Sorry Seems To Be The Hardest Word,,10,60
It's My Life,,10,100
With you (Cover),,10,80
Thunder,,10,80
Faint Toxic,,10,80
Yeah Toxic (Blades Blend Remix),,10,40
Do You Hear What I Hear,,10,100
Far Away,,10,60
Lala's Lullaby,,10,100
Believe in Heaven,,10,80
Sleepless night,,10,80
Ice Princess Soundtrack: Reachin' For Heaven,,10,60
Not Ready To Make Nice,,10,40
Before The Dawn,,10,60
Bring Me To Life,,10,80
Tourniquet,,10,40
Lost,,10,60
Fergilicious,,10,20
Sympathy ,,10,80
Misery,,10,80
Hitoribocchi no Sadame,,10,80
Heaven Knows,,10,60
Nagareboshi ~Shooting Star~,,10,80
Thank You!!,,10,40
Endless love,,10,100
E3 Trailer Music 2009,,10,60
Fight in Venice,,10,60
Leonardo's Inventions Guitar,,10,60
Night Mission in Venice,,10,60
Sanctuary Venice Cemetary,,10,60
I'm Still Here,,10,80
Shining Star,,10,
Hallelujah,,10,100
Wish You Were,,10,80
Zutto Suki Datta...,,10,
Neko no Kimochi,,10,
自由の翼,,10,100
My December (remix),,10,80
It's Gonna Be Love,,10,60
Spend My Lifetime Loving You,,10,60
All I Want For Christmas Is You,,10,60
Never Say Goodbye,,10,80
This Love,,10,60
Concrete Angel,,10,60
Breathe in Breathe out,,10,80
I Need To Wake Up,,10,60
It Will Be Me,,10,60
John Harrison Theme Extended,,10,100
Magnet,,10,100
To Be With You,,10,40
Welcome To The Black Parade,,10,40
Naruto's Neko Song,,10,100
Naruto's Neko Song (Version 2),,10,100
This Will Be (An Everlasting Love),,10,60
Pocket Full Of Sunshine,,10,80
Soulmate,,10,80
What's Left Of Me,,10,60
Amaranth - piano,,10,100
U + ur hand vs. 4ever,,10,80
The Plague,,10,80
9th March Choir,,10,100
Run,,10,100
At The Beginning,,10,100
I'm Too Sexy,,10,20
Pon De Replay,,10,40
Cinderella,,10,60
The Promised Land,,10,80
Listen To Your Heart,,10,60
Hallelujah,,10,100
ETERNAL SNOW ~ROUTE L Version~,,10,40
Gravity,,10,100
Love Song (Radio Version),,10,80
Gloomy Sunday,,10,80
Still I love you,,10,60
Always On Your Side,,10,100
We're All to blame,,10,80
Endless love,,10,100
MOVIN !!,,10,
Cinderella,,10,60
Break Even,,10,100
Are You Ready,,10,60
오직 한사람,,10,60
Butterfly,,10,80
Sims 3 Main Theme,Acid,11,60
Broadripple is Burning,Alternative,11,100
Exile Vilify,Alternative,11,100
Eric's Song,Alternative,11,100
God Only Knows,Anime,11,100
Hide and Seek,Electronic,11,100
Drops of Jupiter,Other,11,100
Broken Strings,Pop,11,100
In the House In a Heartbeat,,11,100
I'm Yours / Drops of Jupiter/ Edge of Glory Mash-Up,,11,100
Paparazzi,,11,100
Everybody Loves Me (remix),,11,
About Today,,11,100
Comforting Sounds,Alternative,12,100
Farewell and Goodnight,Alternative,12,80
Fire and Rain,Alternative,12,
I'll Never Forget You,Alternative,12,
People Help the People,Alternative,12,100
People Help the People (RAK Studios Session),Alternative,12,80
Shelter,Alternative,12,
Skinny Love,Alternative,12,100
Terrible Love,Alternative,12,100
The District Sleeps Alone Tonight,Alternative,12,100
White Winter Hymnal,Alternative,12,60
Without a Word,Alternative,12,
Young Blood,Alternative,12,80
Comforting Sounds,Alternative,12,100
Christmas Lights,Blues,12,100
All I Want For Christmas Is You,Holiday,12,
Blue Christmas,Holiday,12,
Christmas Eve With You,Holiday,12,80
Christmas Wrapping,Holiday,12,
Do They Know It's Christmas,Holiday,12,80
Do You Hear What I Hear,Holiday,12,100
Extraordinary Merry Christmas,Holiday,12,
Let It Snow,Holiday,12,60
Little Drummer Boy,Holiday,12,
River,Holiday,12,100
Santa Baby,Holiday,12,80
Santa Claus is Coming to Town,Holiday,12,
Angels We Have Heard on High,Holiday,12,
Baby It's Cold Outside,Holiday,12,100
Deck the Rooftop,Holiday,12,60
God Rest Ye Merry Gentlemen,Holiday,12,60
Jingle Bells,Holiday,12,60
Last Christmas,Holiday,12,60
Merry Christmas Darling,Holiday,12,60
O Christmas Tree,Holiday,12,
O Holy Night,Holiday,12,80
The Most Wonderful Day Of The Year,Holiday,12,80
We Need a Little Christmas,Holiday,12,80
You're a Mean One Mr. Grinch (feat. k.d. lang),Holiday,12,
Paperman,Instrumental,12,100
Kokoro Kiseki (piano ver.),Instrumental,12,100
cosmic eyes,J-Pop,12,60
DO THE MOTION,J-Pop,12,60
Everlasting,J-Pop,12,100
First snow,J-Pop,12,80
LONG TIME NO SEE,J-Pop,12,80
Love is just what you can't see,J-Pop,12,60
make a secret,J-Pop,12,60
OUTGROW ～Ready Butterfly～,J-Pop,12,60
Silent Screamerz,J-Pop,12,60
soundscape,J-Pop,12,60
Stay My Gold,J-Pop,12,60
With U,J-Pop,12,60
キミのとなりで,J-Pop,12,80
抱きしめる,J-Pop,12,60
A Rush of Blood to the Head,Rock,12,
A Whisper,Rock,12,
Amsterdam,Rock,12,
Clocks,Rock,12,100
Daylight,Rock,12,
Got Put a Smile on Your Face,Rock,12,
Green Eyes,Rock,12,
In My Place,Rock,12,
Politik,Rock,12,
The Scientist,Rock,12,100
Warning Sign,Rock,12,
Adieu,Soundtrack,12,
All Boundaries Are Conventions,Soundtrack,12,80
Catacombs,Soundtrack,12,
Cavendish In Distress,Soundtrack,12,80
Chasing Luisa Rey,Soundtrack,12,
Cloud Atlas Finale,Soundtrack,12,100
Cloud Atlas Opening Title,Soundtrack,12,
Death Is Only a Door,Soundtrack,12,
Kesselring,Soundtrack,12,
Luisa's Birthmark,Soundtrack,12,
New Direction,Soundtrack,12,
Papa Song,Soundtrack,12,
Prelude: The Atlas March,Soundtrack,12,100
Sonmi-451 Meets Chang,Soundtrack,12,
Sonmi's Discovery,Soundtrack,12,
Temple of Sacrifice,Soundtrack,12,
The Escape,Soundtrack,12,
The Message,Soundtrack,12,
Travel to Edinburgh,Soundtrack,12,100
Won't Let Go,Soundtrack,12,
Sloosha's Hollow,Soundtrack,12,
Cloud Atlas End Title,Soundtrack,12,100
The Cloud Atlas Sextet for Orchestra,Soundtrack,12,100
Adventure of a Lifetime,Trailer Music,12,100
Asimov,Trailer Music,12,100
Down With The Enterprise,Trailer Music,12,100
Dreams of the Dead,Trailer Music,12,100
Equus,Trailer Music,12,100
Fill My Heart,Trailer Music,12,100
Forces of Destiny,Trailer Music,12,100
Freedom Fighters (Choir),Trailer Music,12,100
Goddysey,Trailer Music,12,100
Heart Of Courage,Trailer Music,12,100
Hypnotica,Trailer Music,12,100
Infinite Legends,Trailer Music,12,100
Moonlight Armies,Trailer Music,12,100
Shadow of Beauty,Trailer Music,12,100
Smell of Victory,Trailer Music,12,100
Undying Love,Trailer Music,12,100
六等星の夜,,12,100
Terrible Love [Live],,12,100
A Thousand Years (Beside Lights Cover),,12,100
Slow Me Down,,12,100
Payphone,,12,100
Payphone (Alex G Acoustic Cover ft Jameson Bass),,12,100
Happy Ending,,12,100
Samson,,12,100
Breathe Again (Studio Version),,12,100
River (Glee cover),,12,60